id	kingdom_id	acceptedname	scientificnameauthorship	taxonranken	taxonomicstatusen	kingdom
16405	45974	Agonum emarginatum	(Gyllenhal, 1827)	species	accepted	Animalia
51280		Agonum emarginatum	(Gyllenhal, 1827)	species	accepted	
51268		Alona	Baird, 1843	genus	accepted	
51274		Alona	Baird, 1843	genus	accepted	
26780	3902	Amanita excelsa	(Fr.:Fr.) Bertill.	species	accepted	Fungi
51486		Amanita excelsa	Bertill., 1866 (Fr.)	species	accepted	
51819		Amanita excelsa	Bertill., 1866 (Fr.)	species	accepted	
3521	45974	Anas clypeata	Linnaeus, 1758	species	accepted	Animalia
51681		Anas clypeata	Linnaeus, 1758	species	accepted	
3510	45974	Anas penelope	Linnaeus, 1758	species	accepted	Animalia
51689		Anas penelope	Linnaeus, 1758	species	accepted	
3512	45974	Anas querquedula	Linnaeus, 1758	species	accepted	Animalia
51699		Anas querquedula	Linnaeus, 1758	species	accepted	
51683		Anas sibilatrix	Poeppig, 1829	species	accepted	
50153		Anas sibilatrix	Poeppig, 1829	species	accepted	
3513	45974	Anas strepera	Linnaeus, 1758	species	accepted	Animalia
51682		Anas strepera	Linnaeus, 1758	species	accepted	
20772	45975	Anchusa arvensis	(L.) M.Bieb.	species	accepted	Plantae
51554		Anchusa arvensis	M. Bieb. (L.)	species	accepted	
18127	45974	Anoplotrupes stercorosus	(Scriba, 1791)	species	accepted	Animalia
51697		Anoplotrupes stercorosus	(Scriba, 1791)	species	accepted	
21239	45975	Arrhenatherum elatius	(L.) J.Presl & C.Presl	species	accepted	Plantae
51800		Arrhenatherum elatius	J.Presl & C.Presl (L.)	species	accepted	
34645	45974	Aulacaspis	Cockerell, 1893	genus	to determine	Animalia
44251	45974	Aulacaspis		family	to determine	Animalia
34306	45974	Bombus	Latreille, 1802	genus	to determine	Animalia
51039		Bombus	Latreille, 1802	genus	accepted	
51429		Bromus madritensis	L.	species	accepted	
51502		Bromus madritensis	L.	species	accepted	
20801	45975	Cardamine flexuosa	With.	species	accepted	Plantae
51616		Cardamine flexuosa	With.	species	accepted	
3484	45974	Carduelis flammea	(Linnaeus, 1758)	species	accepted	Animalia
50980		Carduelis flammea	(Linnaeus, 1758)	species	accepted	
1079	45975	Cerastium fontanum vulgare	(Hartm.) Greuter & Burdet	subspecies	accepted	Plantae
51803		Cerastium fontanum vulgare	Greuter & Burdet (Hartm.)	subspecies	accepted	
51263		Ceriodaphnia	Dana, 1853	genus	accepted	
51269		Ceriodaphnia	Dana, 1853	genus	accepted	
27588	3902	Clitocybe gibba	(Pers.:Fr.) P. Kumm.	species	accepted	Fungi
51823		Clitocybe gibba	P.Kumm. (Pers.)	species	accepted	
24679		Codium fragile	(Suringar) Hariot	species	accepted	
24680		Codium fragile	(Van Goor) P.C. Silva	species	accepted	
46613	45974	Colurella uncinata uncinata	(Müller, 1773)	subspecies	accepted	Animalia
46614	45974	Colurella uncinata uncinata	(Müller 1773)	subspecies	accepted	Animalia
21410	45975	Crataegus laevigata	(Poir.) DC.	species	accepted	Plantae
51313		Crataegus laevigata	DC. (Poir.)	species	accepted	
22818	45974	Cryphia domestica	(Hüfnagel, 1766)	species	accepted	Animalia
51293		Cryphia domestica	Hufnagel, 1766	species	accepted	
22820	45974	Cryphia raptricula	(Denis & Schiffermüller, 1775)	species	accepted	Animalia
51443		Cryphia raptricula	Denis & Schiffermüller, 1775	species	accepted	
3264	45975	Dactylorhiza fuchsii	(Druce) Soó	species	accepted	Plantae
51054	45975	Dactylorhiza fuchsii	Soó (Druce)	species	accepted	Plantae
51684		Dendrocopos medius	(Linnaeus, 1758)	species	accepted	
3435	45974	Dendrocopos medius	(Linnaeus, 1758)	species	accepted	Animalia
51685		Dendrocopos minor	(Linnaeus, 1758)	species	accepted	
3436	45974	Dendrocopos minor	(Linnaeus, 1758)	species	accepted	Animalia
51799		Dipsacus sylvestris	Huds.	species	accepted	
51808		Dipsacus sylvestris	Huds.	species	accepted	
28497	3902	Discula quercina	(Cooke) Sacc.	species	accepted	Fungi
28496	3902	Discula quercina	(Westend.) Arx	species	anamorph	Fungi
50385		Draba verna	L.	species	accepted	
51325		Draba verna	L.	species	accepted	
50394		Elymus repens	(L.) Gould	species	accepted	
51810		Elymus repens	Gould (L.)	species	accepted	
28854	3902	Erysiphe hyperici	(Wallr.) S. Blumer	species	accepted	Fungi
51353		Erysiphe hyperici	S. Blumer, 1933 (Wallr.)	species	accepted	
53	3902	Galerina vittaeformis form. bispora		forma	accepted	Fungi
51	3902	Galerina vittaeformis form. bispora		forma	accepted	Fungi
52	3902	Galerina vittaeformis form. tetraspora		forma	accepted	Fungi
50	3902	Galerina vittaeformis form. tetraspora		forma	accepted	Fungi
50450		Galerina vittiformis	(Fr.) Singer 1950	species	accepted	
51784		Galerina vittiformis	Singer, 1950 (Fr.)	species	accepted	
51334		Galium parisiense	L.	species	accepted	
51553		Galium parisiense	L.	species	accepted	
51255		Gammaridae		family	accepted	
51242		Gammaridae		family	accepted	
35514	45974	Glossiphonia		genus	to determine	Animalia
51252		Glossiphonia	Johnson, 1816	genus	accepted	
45977	45974	Haplophthalmus mengei	Zaddach, 1844	species	accepted	Animalia
2413	45974	Haplophthalmus mengei	(Zaddach, 1844)	species	accepted	Animalia
29438	3902	Hemimycena lactea	(Pers.:Fr.) Singer	species	accepted	Fungi
51825		Hemimycena lactea	Singer (Pers.)	species	accepted	
29642	3902	Hygrocybe conica	(Schaeff.:Fr.) P. Kumm.	species	accepted	Fungi
51785		Hygrocybe conica	P.Kumm. (Schaeff.)	species	accepted	
4988	3902	Hygrocybe glutinipes	(J.E. Lange) R. Haller	species	accepted	Fungi
51660		Hygrocybe glutinipes	R. Haller Aar., 1956 (J.E. Lange)	species	accepted	
20922	45975	Hypericum dubium	Leers	species	accepted	Plantae
51651		Hypericum dubium	Leers	species	accepted	
50508		Hypholoma fasciculare	P. Kumm. 1871	species	accepted	
50509		Hypholoma fasciculare		species	accepted	
50556		Lactarius vellereus	(Fr.) Fr. 1838	species	accepted	
51498		Lactarius vellereus	Fr., 1838 (Fr.)	species	accepted	
20822	45975	Lepidium draba	L.	species	accepted	Plantae
51624		Lepidium draba	L.	species	accepted	
51832		Leratiomyces squamosus	Bridge & Spooner, 2008 (Pers.)	species	accepted	
51485		Leratiomyces squamosus	Bridge & Spooner, 2008 (Pers.)	species	accepted	
30160	3902	Lycoperdon pyriforme	Schaeff.:Pers.	species	accepted	Fungi
51821		Lycoperdon pyriforme	Schaeff.	species	accepted	
20727	45975	Matricaria discoidea	DC.	species	accepted	Plantae
51813		Matricaria discoidea	DC.	species	accepted	
4246	3902	Morchella esculenta	(L.:Fr.) Pers.	species	accepted	Fungi
51694		Morchella esculenta	Pers. (L.)	species	accepted	
30529	3902	Myxarium nucleatum	Wallr.	species	accepted	Fungi
51441		Myxarium nucleatum	Wallr., 1833	species	accepted	
22964	45974	Omphaloscelis lunosa	(Haworth, 1809)	species	accepted	Animalia
51442		Omphaloscelis lunosa	Haworth, 1809	species	accepted	
30875	3902	Panellus serotinus	(Pers.) Kühner	species	accepted	Fungi
51476		Panellus serotinus	Kühner, 1950 (Pers.)	species	accepted	
4269	3902	Phallus impudicus	L.:Pers.	species	accepted	Fungi
51365		Phallus impudicus	L., 1753	species	accepted	
31695	3902	Phytophthora nicotianae		species	accepted	Fungi
31694	3902	Phytophthora nicotianae	Breda de Haan, 1896	species	accepted	Fungi
40330	45974	Polysticta	Eyton, 1836	genus	to determine	Animalia
43358		Polysticta		genus	to determine	
41015	45974	Potamopyrgus	Stimpson, 1865	genus	to determine	Animalia
51259		Potamopyrgus	Stimpson, 1865	genus	accepted	
51520		Pseudepidalea viridis	(Laurenti, 1768)	species	accepted	
51794		Pseudepidalea viridis	(Laurenti, 1768)	species	accepted	
51111		Pseudostaurosira parasitica	Morales, 2003 (W.Smith)	species	accepted	
51158		Pseudostaurosira parasitica	Morales, 2003 (W.Smith)	species	accepted	
21035	45975	Robinia pseudoacacia	L.	species	accepted	Plantae
51795		Robinia pseudoacacia	L.	species	accepted	
51831		Russula atropurpurea	Britzelm. (Krombh.)	species	accepted	
51828		Russula atropurpurea	Britzelm. (Krombh.)	species	accepted	
32518	3902	Saccharomyces bayanus	Saccardo, 1895	species	accepted	Fungi
32519	3902	Saccharomyces bayanus	Saccardo, 1895	species	accepted	Fungi
32522	3902	Saccharomyces cerevisiae	Meyen ex E.C. Hansen 1883	species	accepted	Fungi
32523	3902	Saccharomyces cerevisiae	Meyen ex E.C. Hansen 1883	species	accepted	Fungi
20856	45975	Sambucus nigra	L.	species	accepted	Plantae
51796		Sambucus nigra	L.	species	accepted	
21036	45975	Securigera varia	(L.) Lassen	species	accepted	Plantae
51401		Securigera varia	Lassen (L.)	species	accepted	
21519	45975	Solanum triflorum	Nutt.	species	accepted	Plantae
51440		Solanum triflorum	Nutt.	species	accepted	
51284		Tetinka	Barrande, 1881	genus	accepted	
51285		Tetinka	Barrande, 1881	genus	accepted	
50937		Tubaria furfuracea	(Pers.) Gillet 1876	species	accepted	
51390		Tubaria furfuracea	Gillet, 1876 (Pers.)	species	accepted	
21531	45975	Ulmus minor	Mill.	species	accepted	Plantae
51789		Ulmus minor	Mill.	species	accepted	
